{
  "meta_title": "Suplementos Esportivos e Alimentares para performance e qualidade de vida. ",
  "meta_description": "",
  "sections": [
    {
      "type": "banner-slider",
      "autoplay": 0,
      "full_width": false,
      "slides": [
        {
          "start": "2022-04-09T21:56:02.269Z",
          "end": "2024-01-01T21:56:02.283Z",
          "img": "/img/uploads/mt-preco-de-fabrica.webp",
          "mobile_img": "https://superfitvca.netlify.app/xtratus-endurance",
          "link": "https://superfitvca.netlify.app/max-titanium"
        },
        {
          "start": "2022-06-17T23:44:38.157Z",
          "end": "2023-08-01T23:44:54.264Z",
          "img": "/img/uploads/novidades-semanais.webp"
        },
        {
          "start": "2022-06-30T20:06:14.743Z",
          "end": "2023-12-31T20:06:14.765Z",
          "img": "/img/uploads/guforit.webp",
          "link": "https://superfitvca.netlify.app/hidratacao"
        },
        {
          "start": "2022-06-20T19:05:04.664Z",
          "end": "2023-12-01T19:05:46.142Z",
          "img": "/img/uploads/whey100_-pure-1-.webp",
          "link": "https://superfitvca.netlify.app/integralmedica"
        },
        {
          "start": "2022-04-09T21:55:03.255Z",
          "end": "2024-01-01T15:12:30.584Z",
          "img": "/img/uploads/imagem_2022-05-02_182316667.webp",
          "link": "https://superfitvca.netlify.app/xtratus-endurance"
        },
        {
          "start": "2022-04-11T01:31:36.977Z",
          "end": "2024-01-02T01:31:37.001Z",
          "img": "/img/uploads/design-sem-nome.webp",
          "link": "https://superfitvca.netlify.app/camelbak"
        }
      ]
    },
    {
      "type": "collection-shelf",
      "shuffle": true,
      "limit": 12,
      "page": 1,
      "title": "Mais relevantes",
      "sort": "slug"
    },
    {
      "type": "dynamic-showcase",
      "load_more": true,
      "sort": "views"
    },
    {
      "type": "brands-carousel",
      "limit": 24,
      "offset": 0
    },
    {
      "type": "breadcrumbs",
      "enabled": true
    },
    {
      "type": "info-bar",
      "enabled": true
    }
  ]
}